as_of_utc,alerts
2026-10-09T13:07:28.746018+00:00,No fresh successful forecast (>36 hours)
2026-10-09T13:19:31.608780+00:00,No fresh successful forecast (>36 hours)
2026-10-09T13:40:08.777106+00:00,No fresh successful forecast (>36 hours)
2026-10-09T13:40:09.235470+00:00,No fresh successful forecast (>36 hours)
2026-10-09T14:06:22.442710+00:00,No fresh successful forecast (>36 hours)
2026-10-09T14:06:22.792256+00:00,No fresh successful forecast (>36 hours)
2026-10-09T14:11:37.703398+00:00,No fresh successful forecast (>36 hours)
2026-10-09T20:52:50.391919+00:00,No fresh successful forecast (>36 hours)
2026-10-09T20:52:51.007515+00:00,No fresh successful forecast (>36 hours)
2026-10-10T13:42:16.914352+00:00,No fresh successful forecast (>36 hours)
